,count,mean,std,min,lq,med,uq,max,outliers
HV,18.0,0.893408219996735,0.0035325344412965353,0.8873308171137542,0.8911033042840991,0.8935942913289233,0.8956369542969025,0.8993613768389116,
