,count,mean,std,min,lq,med,uq,max
0,30.0,17151.033333333333,6148.318842176086,10701.0,13713.5,15176.0,20213.5,37701.0
