,count,mean,std,min,lq,med,uq,max
HV,30.0,0.8734950613030122,0.012670100269688001,0.8483965642420289,0.8650585137147287,0.8753507131166706,0.8829664176808634,0.8963519683004565
