,Run_nr,HV
0,Run_1,0.8245767844459
1,Run_2,0.8208701337052614
2,Run_3,0.8174299191609725
3,Run_4,0.8163319975437349
4,Means,0.8198022087139671
