,count,mean,std,min,lq,med,uq,max
HV,30.0,0.8874375194721755,0.005514068061428452,0.87149025636199,0.8853377678954074,0.8880321085115088,0.8905176526977234,0.8976446154972084
