,Run_nr,HV
0,Run_1,0.8163319975437349
1,Means,0.8163319975437349
