,count,mean,std,min,lq,med,uq,max,outliers
HV,1.0,0.8163319975437349,,0.8163319975437349,0.8163319975437349,0.8163319975437349,0.8163319975437349,0.8163319975437349,
