,Run_number,Duration,HV Obtained
0,Run_1,0 days 21:37:24.274552,0.8163319975437349
1,Average,0 days 21:37:24.274552,0.8163319975437349
