,count,mean,std,min,lq,med,uq,max
HV,30.0,0.8885215136104122,0.008667947494289438,0.8689746508489938,0.8846972690415059,0.8889147727053872,0.8932796103650115,0.9045811619816494
