,count,mean,std,min,lq,med,uq,max
0,30.0,30465.766666666666,9875.996688884143,15801.0,24676.0,29351.0,34088.5,55201.0
