,count,mean,std,min,lq,med,uq,max
HV,30.0,0.9343262411347517,0.0117834500531938,0.8981302385557705,0.9302063185041909,0.9369439071566731,0.9429722759509994,0.9502256608639588
