,count,mean,std,min,lq,med,uq,max
0,30.0,17471.133333333335,2823.9744276136944,12062.0,16285.0,17487.0,18932.5,25388.0
