,count,mean,std,min,lq,med,uq,max,outliers
HV,7.0,0.8941186001044216,0.00391589917453515,0.8889450852410273,0.8912061324436744,0.8940146474861446,0.8970484131387593,0.8993613768389116,
