,count,mean,std,min,lq,med,uq,max
HV,20.0,0.9232322059239753,0.005079702783672743,0.9088453539741334,0.9213260493705622,0.923827572203832,0.9261322034628305,0.9329414985909948
