,count,mean,std,min,lq,med,uq,max
HV,20.0,0.9546357188910383,0.004851711111704198,0.9458413926499034,0.9506769825918759,0.9553836234687301,0.9579948420373952,0.963249516441006
