,count,mean,std,min,lq,med,uq,max
HV,30.0,0.9303374167203954,0.008976155785705549,0.9092198581560282,0.9225983236621533,0.9332043842682141,0.9368794326241134,0.9462282398452612
