,count,mean,std,min,lq,med,uq,max
0,30.0,16350.433333333332,3283.1069145922856,11509.0,13868.5,16118.5,18129.75,27121.0
