,Run_nr,HV
0,Run_1,0.836820783898362
1,Means,0.836820783898362
