,count,mean,std,min,lq,med,uq,max,outliers
HV,1.0,0.836820783898362,,0.836820783898362,0.836820783898362,0.836820783898362,0.836820783898362,0.836820783898362,
