,Run_number,Duration,HV Obtained
0,Run_1,0 days 22:01:56.787581,0.836820783898362
1,Average,0 days 22:01:56.787581,0.836820783898362
