,Run_nr,HV
0,Run_1,0.8343273689997552
1,Run_2,0.836820783898362
2,Means,0.8355740764490587
