,count,mean,std,min,lq,med,uq,max,outliers
HV,2.0,0.8355740764490587,0.001763110583116416,0.8343273689997552,0.834950722724407,0.8355740764490587,0.8361974301737103,0.836820783898362,
