,count,mean,std,min,lq,med,uq,max
HV,30.0,0.8659367834479818,0.013117137165027503,0.8356278380074572,0.8557546177227028,0.8665836543076184,0.8760744434736596,0.8870011567379988
