,Run_nr,HV
0,Run_1,0.8953857454380053
1,Means,0.8953857454380053
