,count,mean,std,min,lq,med,uq,max,outliers
HV,1.0,0.8953857454380053,,0.8953857454380053,0.8953857454380053,0.8953857454380053,0.8953857454380053,0.8953857454380053,
