,Run_number,Duration,HV Obtained
0,Run_1,0 days 02:54:01.531834,0.8953857454380053
1,Average,0 days 02:54:01.531834,0.8953857454380053
