,count,mean,std,min,lq,med,uq,max
HV,5.0,0.9556673114119925,0.007341834803685749,0.9446808510638298,0.9552546744036108,0.9555125725338492,0.9577047066408768,0.965183752417795
