,count,mean,std,min,lq,med,uq,max
HV,30.0,0.8324294289905436,0.00963971985494364,0.8062518080673031,0.8281075000887118,0.8331963863312819,0.8382333385658274,0.8520126157238254
