,count,mean,std,min,lq,med,uq,max
0,30.0,55552.46666666667,14048.80680350822,28870.0,45976.0,53756.5,61813.5,101351.0
