,Run_nr,HV
0,Run_1,0.8174299191609725
1,Means,0.8174299191609725
