,count,mean,std,min,lq,med,uq,max,outliers
HV,1.0,0.8174299191609725,,0.8174299191609725,0.8174299191609725,0.8174299191609725,0.8174299191609725,0.8174299191609725,
