,Run_number,Duration,HV Obtained
0,Run_1,0 days 21:08:00.768604,0.8174299191609725
1,Average,0 days 21:08:00.768604,0.8174299191609725
