,count,mean,std,min,lq,med,uq,max
HV,18.0,0.956307758435418,0.003262856537699625,0.950870406189555,0.954642166344294,0.9562862669245649,0.9583172147001935,0.9638942617666022
